Time,Temperature,Pressure,Sound,Light,Pressure,Humidity,Comment
s,Â°C,kPa,dBA,lx,kPa,%RH,

0,12.5,99.5,40.0,614,100.39,35.2,
0.96,12.5,99.5,40.0,709,100.39,35.2,
1.92,12.5,99.5,78.0,752,100.39,35.1,
2.88,12.5,99.5,59.6,642,100.40,35.1,
3.84,12.5,99.5,43.0,352,100.37,35.1,
4.8,12.5,99.5,66.9,403,100.41,35.0,
5.76,12.5,99.5,40.0,419,100.40,35.0,
6.72,12.5,99.5,74.7,378,100.37,35.0,
7.68,12.5,99.5,75.2,350,100.38,35.0,
8.64,12.5,99.5,56.8,376,100.37,35.1,
9.6,12.5,99.5,40.0,407,100.36,35.1,
10.56,12.5,99.5,78.6,372,100.39,35.1,
11.52,12.5,99.5,73.1,392,100.40,35.1,
12.48,12.5,99.5,43.3,603,100.35,35.1,
13.44,12.5,99.5,71.5,686,100.38,35.1,
14.4,12.5,99.5,53.8,514,100.39,35.1,
15.36,12.5,99.5,48.3,495,100.39,35.1,
16.32,12.5,99.5,66.8,488,100.39,35.2,
17.28,12.5,99.5,61.2,405,100.41,35.2,
18.24,12.5,99.5,46.9,152,100.39,35.2,
19.2,12.5,99.5,80.9,236,100.40,35.2,
20.16,12.5,99.5,75.8,290,100.39,35.2,
21.12,12.5,99.5,75.9,310,100.39,35.2,
22.08,12.5,99.5,82.0,317,100.39,35.2,
23.04,12.5,99.5,73.9,321,100.39,35.2,
24,12.5,99.5,40.4,317,100.40,35.2,
24.96,12.5,99.5,60.1,321,100.40,35.2,
25.92,12.5,99.5,80.1,170,100.38,35.2,
26.88,12.5,99.5,47.2,92,100.38,35.2,
27.84,12.5,99.5,65.2,70,100.36,35.2,
28.8,12.5,99.5,61.2,169,100.40,35.1,
29.76,12.5,99.5,71.9,505,100.39,35.1,
30.72,12.5,99.5,75.5,672,100.40,35.1,
31.68,12.5,99.5,80.1,400,100.37,35.1,
32.64,12.5,99.5,78.2,346,100.36,35.1,
33.6,12.5,99.5,47.8,224,100.42,35.1,
34.56,12.5,99.5,72.9,242,100.39,35.1,
35.52,12.5,99.5,74.6,212,100.41,35.2,
36.48,12.5,99.5,77.5,353,100.39,35.2,
37.44,12.5,99.5,70.7,328,100.39,35.2,
38.4,12.5,99.5,62.3,267,100.35,35.2,
39.36,12.5,99.5,55.8,277,100.36,35.1,
40.32,12.4,99.5,40.0,301,100.37,35.1,
41.28,12.5,99.5,40.0,427,100.36,35.1,
42.24,12.5,99.5,79.1,448,100.41,35.1,
43.2,12.4,99.5,87.1,599,100.39,35.1,
44.16,12.5,99.5,85.8,739,100.39,35.1,
45.12,12.5,99.5,103.3,372,100.38,35.2,
46.08,12.4,99.5,71.4,504,100.40,35.4,
47.04,12.4,99.5,81.5,307,100.37,35.6,
48,12.4,99.5,87.2,358,100.38,35.9,
48.96,12.4,99.5,74.3,339,100.38,36.2,
49.92,12.4,99.5,76.2,509,100.37,36.4,
50.88,12.5,99.5,40.0,1000,100.39,36.5,
51.84,12.5,99.5,70.1,1000,100.39,36.6,
52.8,12.4,99.5,62.2,1000,100.39,36.6,
53.76,12.5,99.5,73.8,1000,100.36,36.7,
54.72,12.4,99.5,75.0,1000,100.39,36.7,
55.68,12.5,99.5,66.2,1000,100.39,36.7,
56.64,12.4,99.5,59.3,1000,100.39,36.6,
57.6,12.4,99.5,80.0,1000,100.36,36.6,
58.56,12.4,99.5,70.8,970,100.38,36.6,
59.52,12.5,99.5,40.3,586,100.38,36.5,
60.48,12.5,99.5,40.0,501,100.40,36.4,
61.44,12.5,99.5,74.1,107,100.41,36.4,
62.4,12.5,99.5,46.4,23,100.37,36.3,
63.36,12.5,99.5,53.7,10,100.37,36.3,
64.32,12.5,99.5,65.2,8,100.38,36.2,
65.28,12.5,99.5,75.5,8,100.38,36.1,
66.24,12.5,99.5,63.1,7,100.40,36.1,
67.2,12.5,99.5,40.0,6,100.39,36.1,
68.16,12.5,99.5,78.9,5,100.41,36.0,
69.12,12.5,99.5,51.0,4,100.38,36.0,
70.08,12.5,99.5,79.7,4,100.39,36.0,
71.04,12.5,99.5,87.2,4,100.38,36.0,
72,12.4,99.5,68.6,4,100.40,36.0,
72.96,12.5,99.5,58.4,4,100.40,36.0,
73.92,12.5,99.5,71.8,4,100.37,36.0,
74.88,12.4,99.5,78.7,4,100.38,36.0,
75.84,12.5,99.5,62.4,4,100.39,36.0,
76.8,12.4,99.5,49.7,4,100.38,36.1,
77.76,12.4,99.5,68.7,5,100.35,36.1,
78.72,12.4,99.5,68.2,404,100.36,36.1,
79.68,12.4,99.5,65.3,1000,100.36,36.1,
80.64,12.4,99.5,61.7,1000,100.39,36.0,
81.6,12.5,99.5,52.1,622,100.35,36.0,
82.56,12.4,99.5,40.0,760,100.37,36.1,
83.52,12.4,99.5,71.0,1000,100.35,36.2,
84.48,12.4,99.5,74.7,1000,100.38,36.2,
85.44,12.4,99.5,66.9,1000,100.37,36.2,
86.4,12.4,99.5,72.8,671,100.40,36.2,
87.36,12.4,99.5,60.1,1000,100.40,36.2,
88.32,12.4,99.5,68.4,934,100.37,36.1,
89.28,12.4,99.5,40.0,929,100.39,36.1,
90.24,12.4,99.5,83.2,895,100.40,36.0,
91.2,12.4,99.5,62.7,908,100.39,36.0,
92.16,12.5,99.5,40.0,1000,100.39,36.0,
93.12,12.5,99.5,76.6,1000,100.37,35.9,
94.08,12.4,99.5,65.7,1000,100.38,35.9,
95.04,12.5,99.5,47.5,995,100.37,35.9,
96,12.5,99.5,73.2,973,100.33,35.9,
96.96,12.5,99.5,68.9,752,100.37,35.8,
97.92,12.5,99.5,63.1,595,100.40,35.8,
98.88,12.5,99.5,79.3,513,100.36,35.7,
99.84,12.5,99.5,78.0,521,100.38,35.7,
100.8,12.5,99.5,52.1,573,100.38,35.6,
101.76,12.4,99.5,66.3,683,100.38,35.6,
102.72,12.5,99.5,63.4,994,100.37,35.5,
103.68,12.5,99.5,59.5,1000,100.39,35.4,
104.64,12.5,99.5,58.6,1000,100.41,35.4,
105.6,12.5,99.5,42.7,1000,100.39,35.4,
106.56,12.5,99.5,68.6,1000,100.37,35.3,
107.52,12.5,99.5,70.9,1000,100.40,35.4,
108.48,12.5,99.5,60.5,1000,100.41,35.4,
109.44,12.5,99.5,71.0,1000,100.36,35.4,
110.4,12.4,99.5,41.0,1000,100.38,35.4,
111.36,12.4,99.5,40.0,1000,100.38,35.4,
112.32,12.5,99.5,65.7,1000,100.36,35.4,
113.28,12.5,99.5,63.1,1000,100.36,35.4,
114.24,12.5,99.5,75.9,1000,100.40,35.4,
115.2,12.4,99.5,68.6,1000,100.35,35.4,
116.16,12.4,99.5,42.8,975,100.37,35.4,
117.12,12.4,99.5,43.1,951,100.37,35.4,
118.08,12.4,99.5,78.7,980,100.36,35.4,
119.04,12.4,99.5,64.4,1000,100.37,35.4,
120,12.4,99.5,43.4,1000,100.38,35.4,
120.96,12.4,99.5,80.2,1000,100.38,35.3,
121.92,12.4,99.5,74.6,715,100.39,35.3,
122.88,12.4,99.5,68.9,569,100.38,35.3,
123.84,12.4,99.5,71.3,580,100.36,35.3,
124.8,12.4,99.5,70.3,601,100.39,35.3,
125.76,12.4,99.5,53.1,596,100.37,35.3,
126.72,12.4,99.5,40.5,589,100.35,35.3,
127.68,12.4,99.5,58.8,581,100.36,35.3,
128.64,12.4,99.5,75.0,576,100.39,35.3,
129.6,12.4,99.5,58.0,564,100.39,35.3,
130.56,12.4,99.5,45.0,597,100.37,35.3,
131.52,12.4,99.9,79.3,605,100.33,35.3,
132.48,12.4,99.7,42.1,861,100.39,35.3,
133.44,12.4,99.5,67.6,949,100.37,35.3,
134.4,12.4,99.9,73.3,853,100.38,35.3,
135.36,12.4,100.1,40.0,812,100.37,35.2,
136.32,12.4,100.1,73.5,798,100.36,35.2,
137.28,12.4,100.1,51.4,704,100.39,35.2,
138.24,12.4,100.1,65.9,577,100.36,35.2,
139.2,12.4,100.1,40.0,765,100.37,35.1,
140.16,12.4,99.9,66.2,787,100.36,35.0,
141.12,12.4,100.1,64.9,790,100.37,34.9,
142.08,12.4,100.1,76.3,798,100.39,34.9,
143.04,12.4,100.1,76.7,1000,100.38,34.9,
144,12.4,100.1,61.8,1000,100.37,34.9,
144.96,12.4,100.1,64.7,1000,100.40,34.9,
145.92,12.4,100.1,81.9,1000,100.38,34.9,
146.88,12.4,100.1,67.1,1000,100.38,34.9,
147.84,12.4,100.1,59.9,1000,100.36,34.9,
148.8,12.4,100.1,65.5,1000,100.40,35.0,
149.76,12.4,100.1,63.6,1000,100.37,35.0,
150.72,12.4,100.1,49.6,863,100.34,35.0,
151.68,12.4,100.1,68.7,993,100.37,35.0,
152.64,12.4,100.1,65.8,1000,100.36,35.1,
153.6,12.4,100.1,75.0,1000,100.34,35.1,
154.56,12.5,100.1,71.9,1000,100.38,35.1,
155.52,12.6,100.3,51.9,1000,100.36,35.2,
156.48,12.8,100.1,70.9,1000,100.38,35.2,
157.44,12.9,100.3,40.6,1000,100.35,35.2,
158.4,13.1,100.1,40.0,1000,100.37,35.2,
159.36,13.3,100.3,40.0,1000,100.35,35.2,
160.32,13.5,100.3,65.5,1000,100.34,35.2,
161.28,13.6,100.3,48.2,1000,100.37,35.2,
162.24,13.8,100.3,52.0,1000,100.36,35.1,
163.2,13.9,100.3,64.8,1000,100.35,35.1,
164.16,14.1,100.3,71.1,940,100.35,35.0,
165.12,14.2,100.3,71.0,891,100.39,35.0,
166.08,14.3,100.3,81.5,855,100.37,35.0,
167.04,14.5,100.3,73.7,841,100.35,35.0,
168,14.6,100.5,40.0,511,100.37,35.0,
168.96,14.7,100.3,69.0,434,100.35,35.0,
169.92,14.8,100.3,83.4,351,100.36,35.0,
170.88,14.9,100.3,68.2,311,100.37,35.0,
171.84,15.1,100.3,75.9,305,100.37,35.0,
172.8,15.2,100.3,80.6,178,100.37,35.0,
173.76,15.3,100.3,79.8,97,100.36,35.0,
174.72,15.4,100.5,79.0,83,100.36,35.0,
175.68,15.5,100.5,65.1,87,100.36,35.0,
176.64,15.6,100.5,74.3,125,100.38,35.1,
177.6,15.7,100.5,54.2,349,100.35,35.1,
178.56,15.8,100.5,67.3,412,100.37,35.1,
179.52,15.9,100.5,57.1,290,100.35,35.1,
180.48,16.0,100.5,40.0,429,100.36,35.0,
181.44,16.1,100.5,81.8,438,100.36,35.0,
182.4,16.2,100.5,81.5,229,100.37,35.0,
183.36,16.3,100.5,55.0,211,100.38,35.0,
184.32,16.4,100.5,67.8,159,100.39,34.9,
185.28,16.5,100.5,65.6,274,100.37,34.9,
186.24,16.6,100.5,64.9,355,100.36,34.9,
187.2,16.7,100.5,57.6,339,100.37,34.9,
188.16,16.7,100.7,78.9,313,100.38,34.8,
189.12,16.8,100.5,65.9,296,100.39,34.8,
190.08,16.9,100.7,63.8,284,100.35,34.8,
191.04,17.0,100.7,40.8,287,100.37,34.8,
192,17.1,100.7,63.5,257,100.37,34.9,
192.96,17.1,100.7,66.3,256,100.38,34.9,
193.92,17.3,100.7,58.7,288,100.34,34.9,
194.88,17.3,100.7,40.0,332,100.37,34.9,
195.84,17.4,100.7,67.5,322,100.36,35.0,
196.8,17.5,100.7,75.9,307,100.38,35.0,
197.76,17.5,100.7,79.2,351,100.38,35.0,
198.72,17.6,100.7,53.4,352,100.37,35.0,
199.68,17.7,100.7,43.0,575,100.39,35.0,
200.64,17.8,100.7,71.3,791,100.38,34.9,
201.6,17.8,100.7,93.7,457,100.37,35.6,
202.56,17.9,100.7,64.4,370,100.36,49.0,
203.52,17.9,100.7,48.2,325,100.37,57.7,
204.48,18.0,100.7,42.6,547,100.35,65.9,
205.44,18.1,100.7,65.1,688,100.36,70.2,
206.4,18.1,100.9,62.0,948,100.37,71.8,
207.36,18.2,100.9,68.5,883,100.36,72.0,
208.32,18.2,100.9,72.8,877,100.36,71.4,
209.28,18.3,100.9,71.2,795,100.37,70.5,
210.24,18.4,100.9,77.0,727,100.37,69.4,
211.2,18.4,100.9,69.3,785,100.38,68.4,
212.16,18.5,100.9,47.0,758,100.36,67.5,
213.12,18.5,100.9,76.7,742,100.40,66.6,
214.08,18.6,100.9,67.3,742,100.37,65.6,
215.04,18.6,100.9,55.4,736,100.39,64.7,
216,18.7,100.9,40.0,733,100.38,64.0,
216.96,18.7,100.9,71.4,728,100.40,63.3,
217.92,18.8,100.9,73.9,731,100.39,62.6,
218.88,18.8,100.9,45.8,698,100.38,62.1,
219.84,18.9,100.9,91.9,645,100.37,62.1,
220.8,18.9,100.9,72.5,536,100.37,62.2,
221.76,18.9,100.9,70.0,698,100.35,62.6,
222.72,19.0,100.9,61.9,873,100.40,62.9,
223.68,19.0,100.9,72.4,784,100.39,62.9,
224.64,19.1,100.9,80.6,971,100.38,62.8,
225.6,19.1,100.9,40.0,1000,100.37,62.6,
226.56,19.2,101.1,40.0,1000,100.35,62.2,
227.52,19.2,101.1,73.3,802,100.34,61.8,
228.48,19.3,101.1,49.9,557,100.40,61.3,
229.44,19.3,101.1,52.8,526,100.38,60.8,
230.4,19.4,101.1,49.9,371,100.39,60.4,
231.36,19.4,101.1,76.4,285,100.39,59.9,
232.32,19.4,101.1,76.9,769,100.37,59.5,
233.28,19.5,101.1,59.7,939,100.35,59.1,
234.24,19.5,101.1,40.0,971,100.36,58.8,
235.2,19.5,101.1,40.0,971,100.35,58.4,
236.16,19.6,101.1,40.0,970,100.39,58.1,
237.12,19.6,101.1,40.0,971,100.35,57.8,
238.08,19.6,101.1,83.0,970,100.36,57.6,
239.04,19.7,101.1,74.2,411,100.36,57.0,
240,19.7,101.1,40.0,866,100.37,55.9,
240.96,19.7,101.1,40.0,957,100.39,54.8,
241.92,19.7,101.1,40.0,980,100.36,54.2,
242.88,19.8,101.1,40.0,1000,100.38,53.8,
243.84,19.8,101.1,73.0,884,100.38,53.6,
244.8,19.8,101.1,40.0,699,100.34,53.4,
245.76,19.9,101.3,61.3,896,100.39,53.2,
246.72,19.9,101.3,61.7,682,100.35,53.0,
247.68,19.9,101.3,42.7,524,100.37,53.0,
248.64,20.0,101.3,40.0,560,100.36,53.0,
249.6,20.0,101.3,40.0,607,100.35,52.9,
250.56,20.0,101.3,40.0,594,100.37,52.9,
251.52,20.0,101.3,59.4,606,100.37,52.8,
252.48,20.1,101.3,70.0,659,100.37,52.8,
253.44,20.1,101.3,69.9,195,100.37,52.6,
254.4,20.1,101.3,81.4,125,100.35,52.3,
255.36,20.2,101.3,71.5,117,100.37,52.0,
256.32,20.2,101.3,81.2,105,100.33,51.8,
257.28,20.2,101.3,78.0,149,100.37,51.6,
258.24,20.2,101.3,77.7,172,100.34,51.4,
259.2,20.3,101.3,80.3,194,100.36,51.2,
260.16,20.3,101.3,79.0,199,100.38,51.0,
261.12,20.3,101.3,77.1,199,100.37,50.8,
262.08,20.4,101.3,83.0,199,100.38,50.7,
263.04,20.4,101.3,83.4,202,100.37,50.6,
264,20.4,101.3,83.9,210,100.34,50.5,
264.96,20.4,101.3,84.0,215,100.36,50.6,
265.92,20.5,101.5,83.2,219,100.35,50.6,
266.88,20.5,101.5,81.7,219,100.35,50.7,
267.84,20.5,101.5,81.4,221,100.34,50.7,
268.8,20.5,101.5,83.7,221,100.35,50.7,
269.76,20.6,101.5,81.6,222,100.37,50.7,
270.72,20.6,101.5,88.0,226,100.37,50.6,
271.68,20.6,101.5,86.6,232,100.35,50.6,
272.64,20.6,101.5,85.1,234,100.35,50.5,
273.6,20.7,101.5,85.2,243,100.37,50.4,
274.56,20.7,101.3,84.6,267,100.37,50.3,
275.52,20.7,101.5,86.5,295,100.36,50.2,
276.48,20.7,101.5,84.4,309,100.36,50.1,
277.44,20.7,101.5,82.9,310,100.37,50.0,
278.4,20.8,101.5,83.1,323,100.34,49.9,
279.36,20.8,101.5,84.3,236,100.35,49.8,
280.32,20.8,101.5,80.3,97,100.38,49.7,
281.28,20.8,101.5,81.2,77,100.37,49.6,
282.24,20.8,101.5,86.1,176,100.36,49.4,
283.2,20.9,101.5,85.8,259,100.35,49.3,
284.16,20.9,101.5,83.5,281,100.40,49.1,
285.12,20.9,101.5,85.7,302,100.33,49.0,
286.08,20.9,101.5,82.4,319,100.36,48.8,
287.04,20.9,101.5,83.3,329,100.36,48.7,
288,20.9,101.5,83.0,343,100.34,48.6,
288.96,21.0,101.6,83.3,352,100.33,48.6,
289.92,21.0,101.6,82.2,367,100.36,48.5,
290.88,21.0,101.6,82.0,383,100.37,48.4,
291.84,21.0,101.6,84.7,383,100.35,48.4,
292.8,21.0,101.6,81.6,409,100.34,48.3,
293.76,21.1,101.6,79.5,431,100.37,48.3,
294.72,21.1,101.6,85.8,418,100.36,48.3,
295.68,21.1,101.6,80.1,401,100.37,48.2,
296.64,21.1,101.6,75.5,514,100.37,48.2,
297.6,21.1,101.6,64.8,1000,100.37,48.2,
298.56,21.1,101.6,40.0,1000,100.38,48.1,
299.52,21.1,101.6,55.0,1000,100.39,48.0,
300.48,21.2,101.6,60.3,1000,100.35,47.9,
301.44,21.2,101.6,40.0,1000,100.37,47.7,
302.4,21.2,101.6,40.0,764,100.38,47.6,
303.36,21.2,101.6,40.0,478,100.35,47.5,
304.32,21.2,101.6,40.0,283,100.37,47.3,
305.28,21.2,101.6,40.0,610,100.37,47.2,
306.24,21.2,101.6,72.1,900,100.34,47.1,
307.2,21.3,101.6,68.5,1000,100.40,46.8,
308.16,21.3,101.6,66.4,1000,100.37,46.7,
309.12,21.3,101.6,40.0,1000,100.37,46.6,
310.08,21.3,101.6,66.0,1000,100.37,46.5,
311.04,21.3,101.6,73.0,863,100.36,46.5,
312,21.3,101.6,69.3,778,100.35,46.4,
312.96,21.3,101.6,42.1,243,100.35,46.4,
313.92,21.4,101.8,76.1,134,100.38,46.3,
314.88,21.4,101.8,78.0,109,100.35,46.2,
315.84,21.4,101.8,60.2,97,100.39,46.2,
316.8,21.4,101.8,58.1,676,100.36,46.1,
317.76,21.4,101.8,72.9,823,100.37,46.0,
318.72,21.5,101.8,80.7,702,100.38,45.8,
319.68,21.5,101.8,88.1,648,100.35,45.6,
320.64,21.5,101.8,86.6,640,100.36,45.4,
321.6,21.5,101.8,84.3,635,100.37,45.3,
322.56,21.5,101.8,86.5,638,100.37,45.3,
323.52,21.5,101.8,84.1,597,100.39,45.2,
324.48,21.5,101.8,87.1,603,100.37,45.2,
325.44,21.5,101.8,85.7,587,100.36,45.2,
326.4,21.6,101.8,86.4,582,100.37,45.2,
327.36,21.6,101.8,86.5,593,100.39,45.1,
328.32,21.6,101.8,87.3,599,100.35,45.1,
329.28,21.6,101.8,86.5,608,100.38,45.1,
330.24,21.6,101.8,87.5,620,100.36,45.0,
331.2,21.6,101.8,87.7,601,100.35,45.0,
332.16,21.6,101.8,85.9,619,100.40,45.0,
333.12,21.6,101.8,84.6,622,100.38,44.9,
334.08,21.6,101.8,85.7,623,100.38,44.9,
335.04,21.6,101.8,83.5,619,100.39,44.9,
336,21.6,101.8,84.9,620,100.38,44.9,
336.96,21.7,101.8,84.8,613,100.35,44.9,
337.92,21.7,101.8,85.6,464,100.39,44.8,
338.88,21.7,101.8,85.4,532,100.34,44.8,
339.84,21.7,101.8,85.7,573,100.38,44.8,
340.8,21.7,101.8,86.0,588,100.39,44.8,
341.76,21.7,102.0,89.0,597,100.37,44.8,
342.72,21.7,101.8,82.0,600,100.34,44.8,
343.68,21.7,102.0,86.6,620,100.34,44.7,
344.64,21.7,102.0,83.3,624,100.37,44.7,
345.6,21.7,102.0,85.3,626,100.36,44.7,
346.56,21.7,102.0,91.9,598,100.36,44.7,
347.52,21.7,102.0,87.2,585,100.37,44.6,
348.48,21.7,102.0,89.0,592,100.38,44.6,
349.44,21.7,102.0,87.9,580,100.32,44.5,
350.4,21.7,102.0,85.6,591,100.34,44.5,
351.36,21.7,102.0,87.6,598,100.36,44.5,
352.32,21.7,102.0,86.2,598,100.35,44.4,
353.28,21.7,102.0,92.1,602,100.38,44.4,
354.24,21.7,102.0,88.8,613,100.35,44.4,
355.2,21.7,102.0,87.5,612,100.38,44.3,
356.16,21.7,102.0,90.1,612,100.35,44.3,
357.12,21.7,102.0,90.6,607,100.36,44.3,
358.08,21.7,102.0,87.4,617,100.40,44.3,
359.04,21.7,102.0,88.4,620,100.38,44.2,
360,21.8,102.0,89.4,617,100.35,44.0,
360.96,21.8,102.0,91.1,614,100.36,43.8,
361.92,21.8,102.0,89.2,616,100.37,43.7,
362.88,21.8,102.0,88.7,611,100.32,43.6,
363.84,21.8,102.0,90.3,591,100.34,43.5,
364.8,21.8,102.0,85.0,562,100.39,43.5,
365.76,21.8,102.0,80.8,494,100.37,43.5,
366.72,21.8,102.0,62.0,1000,100.37,43.5,
367.68,21.8,102.0,40.0,1000,100.33,43.5,
368.64,21.8,102.0,50.8,1000,100.34,43.5,
369.6,21.8,102.0,40.0,877,100.37,43.5,
370.56,21.8,102.0,40.0,835,100.38,43.5,
371.52,21.8,102.0,40.0,825,100.36,43.5,
372.48,21.8,102.0,40.0,592,100.36,43.4,
373.44,21.8,102.0,40.0,190,100.36,43.4,
374.4,21.8,102.2,40.0,121,100.38,43.3,
375.36,21.8,102.2,40.0,481,100.34,43.2,
376.32,21.8,102.2,40.0,765,100.37,43.3,
377.28,21.8,102.2,74.9,774,100.40,43.3,
378.24,21.8,102.2,66.9,822,100.34,43.2,
379.2,21.8,102.2,40.0,903,100.38,43.0,
380.16,21.8,102.2,40.7,929,100.38,43.0,
381.12,21.9,102.2,62.8,1000,100.37,42.9,
382.08,21.9,102.2,68.6,832,100.35,42.8,
383.04,21.9,102.2,67.6,453,100.36,42.8,
384,21.9,102.2,51.9,555,100.39,42.8,
384.96,21.9,102.2,40.0,744,100.35,42.7,
385.92,21.9,102.2,56.7,782,100.35,42.7,
386.88,21.9,102.2,40.0,779,100.39,42.7,
387.84,21.9,102.2,40.0,665,100.36,42.7,
388.8,21.9,102.2,40.0,522,100.38,42.6,
389.76,21.9,102.2,40.0,533,100.35,42.6,
390.72,21.9,102.2,40.0,584,100.33,42.6,
391.68,21.9,102.2,40.0,592,100.36,42.6,
392.64,21.9,102.2,40.0,547,100.37,42.6,
393.6,21.9,102.2,54.7,129,100.37,42.6,
394.56,21.9,102.2,51.1,26,100.36,42.6,
395.52,21.9,102.2,67.6,9,100.33,42.6,
396.48,21.9,102.2,73.0,6,100.37,42.6,
397.44,21.9,102.2,69.2,7,100.36,42.6,
398.4,21.9,102.2,51.5,8,100.41,42.7,
399.36,21.9,102.2,40.0,8,100.35,42.7,
400.32,21.9,102.2,46.6,8,100.34,42.6,
401.28,21.9,102.2,61.8,8,100.37,42.6,
402.24,21.9,102.2,40.0,8,100.37,42.6,
403.2,21.9,102.2,78.9,6,100.38,42.7,
404.16,21.9,102.2,70.8,5,100.34,42.9,
405.12,21.9,102.2,74.8,7,100.36,43.1,
406.08,21.9,102.2,55.8,1000,100.36,43.1,
407.04,21.9,102.2,40.0,1000,100.34,43.1,
408,21.9,102.2,69.7,1000,100.35,43.1,
408.96,21.9,102.2,70.5,1000,100.35,43.1,
409.92,21.9,102.2,47.5,1000,100.38,43.0,
410.88,21.9,102.2,63.6,1000,100.36,43.0,
411.84,21.9,102.2,70.6,1000,100.35,42.9,
412.8,21.9,102.4,71.1,1000,100.35,42.8,
413.76,21.9,102.4,67.3,1000,100.35,42.5,
414.72,21.9,102.4,41.3,1000,100.38,42.3,
415.68,21.9,102.2,48.9,1000,100.33,42.3,
416.64,21.9,102.4,51.8,1000,100.35,42.3,
417.6,21.9,102.4,65.4,1000,100.35,42.3,
418.56,21.9,102.4,68.9,1000,100.41,42.3,
419.52,21.9,102.2,56.6,498,100.34,42.4,
420.48,21.9,102.2,74.6,91,100.36,42.5,
421.44,21.9,102.4,69.3,22,100.35,42.6,
422.4,21.9,102.4,48.6,11,100.34,42.6,
423.36,21.9,102.4,41.9,7,100.31,42.6,
424.32,21.9,102.4,60.3,7,100.37,42.6,
425.28,21.9,102.4,52.2,6,100.37,42.6,
426.24,21.9,102.4,51.1,6,100.36,42.6,
427.2,21.9,102.4,68.3,6,100.36,42.6,
428.16,22.0,102.4,57.4,6,100.40,42.6,
429.12,21.9,102.4,67.0,6,100.37,42.7,
430.08,22.0,102.4,50.7,6,100.40,42.7,
431.04,22.0,102.4,70.5,8,100.36,42.7,
432,22.0,102.4,61.1,52,100.36,42.7,
432.96,22.0,102.4,44.0,404,100.35,42.7,
433.92,22.0,102.4,65.3,857,100.39,42.8,
434.88,22.0,102.4,44.1,934,100.37,42.8,
435.84,22.0,102.4,40.0,976,100.37,42.8,
436.8,22.0,102.4,40.0,982,100.38,42.7,
437.76,22.0,102.4,40.2,957,100.41,42.6,
438.72,22.0,102.4,62.7,968,100.36,42.5,
439.68,22.0,102.4,73.3,929,100.34,42.5,
440.64,22.0,102.4,73.2,901,100.34,42.4,
441.6,22.0,102.4,75.4,890,100.36,42.3,
442.56,22.0,102.4,70.6,805,100.36,42.3,
443.52,22.0,102.4,40.0,769,100.34,42.2,
444.48,22.0,102.4,62.5,993,100.34,42.1,
445.44,22.0,102.4,59.0,1000,100.35,42.1,
446.4,22.0,102.4,40.0,1000,100.34,42.0,
447.36,22.0,102.4,49.7,1000,100.36,41.9,
448.32,22.0,102.4,41.5,1000,100.34,41.8,
449.28,22.0,102.4,59.7,1000,100.36,41.7,
450.24,22.0,102.4,71.1,1000,100.35,41.7,
451.2,22.0,102.4,64.5,1000,100.38,41.6,
452.16,22.0,102.6,40.0,1000,100.37,41.6,
453.12,22.0,102.6,57.0,1000,100.34,41.5,
454.08,22.0,102.6,65.0,1000,100.35,41.5,
455.04,22.0,102.6,41.6,1000,100.35,41.5,
456,22.0,102.6,67.4,1000,100.37,41.4,
456.96,22.0,102.6,61.2,1000,100.37,41.4,
457.92,22.0,102.6,74.9,1000,100.36,41.4,
458.88,22.0,102.6,58.5,1000,100.37,41.4,
459.84,22.0,102.6,41.2,1000,100.34,41.3,
460.8,22.0,102.6,68.7,1000,100.38,41.3,
461.76,22.0,102.6,68.6,1000,100.38,41.2,
462.72,22.0,102.6,54.0,1000,100.37,41.2,
463.68,22.0,102.6,63.9,1000,100.34,41.1,
464.64,22.0,102.6,51.0,1000,100.37,41.1,
465.6,22.0,102.6,70.3,1000,100.37,41.1,
466.56,22.0,102.6,61.6,1000,100.35,41.1,
467.52,22.0,102.6,66.1,1000,100.35,41.1,
468.48,22.0,102.6,64.8,1000,100.35,41.2,
469.44,22.0,102.6,69.1,1000,100.35,41.2,
470.4,22.0,102.6,69.9,1000,100.35,41.2,
471.36,22.0,102.6,78.9,1000,100.35,41.2,
472.32,22.0,102.6,73.5,1000,100.38,41.2,
473.28,22.0,102.6,76.7,1000,100.34,41.2,
474.24,22.0,102.6,50.7,1000,100.37,41.2,
475.2,22.0,102.6,66.4,1000,100.34,41.2,
476.16,22.0,102.6,71.3,998,100.36,41.1,
477.12,22.0,102.6,72.1,575,100.35,41.1,
478.08,22.0,102.6,65.9,487,100.36,41.0,
479.04,22.0,102.6,40.0,482,100.36,41.0,
480,22.0,102.6,67.6,486,100.36,40.9,
480.96,22.0,102.6,67.4,493,100.37,40.9,
481.92,22.0,102.6,56.2,495,100.36,40.8,
482.88,22.0,102.6,63.0,499,100.37,40.8,
483.84,22.0,102.6,70.6,499,100.34,40.8,
484.8,22.0,102.6,69.8,497,100.36,40.8,
485.76,22.0,102.6,73.7,497,100.34,40.8,
486.72,22.0,102.6,70.8,498,100.37,40.7,
487.68,22.0,102.6,40.0,482,100.38,40.7,
488.64,22.0,102.6,69.3,400,100.39,40.7,
489.6,22.0,102.6,71.6,373,100.36,40.7,
490.56,22.0,102.6,62.3,376,100.37,40.7,
491.52,22.0,102.6,64.0,377,100.34,40.7,
492.48,22.0,102.6,64.0,408,100.36,40.7,
493.44,22.0,102.6,40.0,434,100.38,40.7,
494.4,22.0,102.6,40.0,433,100.37,40.7,
495.36,22.0,102.6,80.7,428,100.36,40.7,
496.32,22.0,102.6,65.4,428,100.39,40.6,
497.28,22.0,102.6,70.2,428,100.34,40.6,
498.24,22.0,102.8,57.8,428,100.35,40.6,
499.2,22.0,102.6,40.0,429,100.38,40.5,
500.16,22.0,102.6,63.5,426,100.40,40.5,
501.12,22.0,102.6,64.3,427,100.36,40.5,
502.08,22.0,102.6,40.0,430,100.33,40.5,
503.04,22.0,102.6,53.1,430,100.35,40.5,
504,22.1,102.6,55.8,428,100.38,40.5,
504.96,22.1,102.8,58.4,428,100.35,40.5,
505.92,22.1,102.8,70.1,442,100.36,40.5,
506.88,22.0,102.6,71.3,443,100.34,40.5,
507.84,22.0,102.6,56.7,441,100.38,40.5,
508.8,22.1,102.8,71.8,442,100.38,40.5,
509.76,22.1,102.8,68.4,442,100.38,40.5,
510.72,22.1,102.6,57.9,441,100.37,40.5,
511.68,22.1,102.6,70.2,442,100.39,40.5,
512.64,22.1,102.6,59.0,442,100.38,40.5,
513.6,22.1,102.6,67.9,442,100.38,40.5,
514.56,22.1,102.6,67.0,443,100.37,40.5,
515.52,22.1,102.6,45.8,451,100.34,40.5,
516.48,22.1,99.3,40.0,457,100.37,40.5,
517.44,22.1,99.3,40.0,454,100.35,40.5,
518.4,22.1,99.3,67.9,451,100.37,40.5,
519.36,22.1,99.3,71.8,449,100.35,40.5,
520.32,22.1,99.3,77.2,449,100.36,40.5,
521.28,22.1,99.3,40.3,446,100.34,40.5,
522.24,22.1,99.3,71.5,445,100.36,40.4,
523.2,22.1,99.3,46.3,476,100.38,40.4,
524.16,22.1,99.3,80.7,475,100.35,40.4,
525.12,22.1,99.3,64.8,453,100.35,40.4,
526.08,22.1,99.3,58.7,436,100.33,40.4,
527.04,22.1,99.3,63.6,434,100.37,40.4,
528,22.1,99.3,40.0,435,100.38,40.3,
528.96,22.1,99.3,42.4,435,100.39,40.3,
529.92,22.1,99.3,51.5,439,100.35,40.3,
530.88,22.1,99.3,45.2,521,100.37,40.3,
531.84,22.1,99.3,60.3,776,100.37,40.3,
532.8,22.1,99.2,53.7,935,100.37,40.3,
533.76,22.1,99.3,59.3,895,100.37,40.3,
534.72,22.1,99.3,62.2,889,100.35,40.3,
535.68,22.1,99.3,71.1,534,100.36,40.3,
536.64,22.1,99.2,68.6,354,100.34,40.3,
537.6,22.1,99.3,71.5,326,100.37,40.3,
538.56,22.1,99.3,66.9,353,100.36,40.3,
539.52,22.1,99.3,68.8,360,100.36,40.2,
540.48,22.1,99.3,47.3,380,100.39,40.2,
541.44,22.1,99.3,49.5,356,100.39,40.2,
542.4,22.1,99.3,68.8,358,100.38,40.2,
543.36,22.1,99.3,73.8,347,100.38,40.2,
544.32,22.1,99.3,84.5,351,100.36,40.2,
545.28,22.1,99.3,61.2,354,100.37,40.1,
546.24,22.1,99.3,61.4,361,100.38,40.1,
547.2,22.1,99.3,59.5,335,100.37,40.1,
548.16,22.1,99.3,40.0,328,100.36,40.1,
549.12,22.1,99.3,64.6,328,100.36,40.1,
550.08,22.1,99.3,63.9,327,100.40,40.0,
551.04,22.1,99.3,56.6,319,100.36,40.0,
552,22.1,99.3,73.1,313,100.38,40.0,
552.96,22.1,99.3,54.2,318,100.39,40.0,
553.92,22.1,99.3,40.0,298,100.37,40.0,
